,Address,latitude,longtitude
1,"94 ห้างบิ๊กซี เชียงใหม่ 2 ชั้น 2 ห้อง 27,36 หมู่ 4 ถ. เชียงใหม่ - ลำปาง ต. หนองป่าครั่ง อ. เมือง จ.เชียงใหม่  50000",,
2,208 ห้างบิ๊กซีเชียงใหม่ ชั้น 1 ห้อง GCR 022 ม.3 ตำบลท่าศาลา อำเภอเมืองเชียงใหม่ เชียงใหม่ 50000,,
3,433/4 ห้างบิ๊กซีหางดง หมู่ 7 ต.แม่เหียะ อ.เมืองเชียงใหม่ จ.เชียงใหม่ 50000,,
4,2 ห้างเซ็นทรัลแอร์พอร์ทเชียงใหม่ ชั้น G ห้อง 128 ถ.มหิดล ต.หายยา อ.เมืองเชียงใหม่ จ.เชียงใหม่  50000,,
5,2 ห้างท็อปส์แอร์พอร์ท ชั้น G ถ.มหิดล ต.หายยา อ.เมืองเชียงใหม่ จ.เชียงใหม่,,
6,ห้างโลตัส รวมโชค เลขที่ 6 หมู่ที่ 6 ต.ฟ้าฮ่าม อ.เมืองเชียงใหม่ จ.เชียงใหม่ 50000,,
7,"ห้างเซ็นทรัล เฟสติวัล เชียงใหม่ ห้องเลขที่  K207 ชั้นที่ 2 เลขที่ 99,99/1,99/2  หมู่ที่ 4 ต.ฟ้าฮ่าม อ.เมือง จ.เชียงใหม่  50000",,
8,"เม-ญ่า ไลฟ์สไตล์ ชอปปิ้ง เซ็นเตอร์เชียงใหม่  ห้องเลขที่  K-B04  ชั้นที่  B1  เลขที่  55,55/5  หมู่ที่ 5  ต.ช้างเผือก  อ.เมือง  จ.เชียงใหม่  50300",,
9,100 ห้างโลตัส จอมทอง หมู่ที่ 11 ตำบลข่วงเปา อำเภอจอมทอง จังหวัดเชียงใหม่ 50160,,
10,เลขที่ 111 หมู่ 1 ถนนซุปเปอร์ไฮเวย์ เชียงใหม่-ลำปาง ตำบลไชยสถาน อำเภอสารภี เชียงใหม่ 50140,,
11,200 ห้างบิ๊กซีลำพูน ชั้น 1 ม.4 ต.บ้านกลาง อ.เมืองลำพูน จ.ลำพูน 51000,,
12,เลขที่ 179/1 หมู่ที่ 5 ตำบลเวียงยอง อำเภอเมืองลำพูน จ.ลำพูน,,
13,เลขที่ 89 พลาซ่า 26/26 ม.3 ถ.เชียงใหม่-ลำพูน ต.หนองหอย อ.เมือง จ.เชียงใหม่ 50000,,
14,65 ห้างบิ๊กซีลำปางชั้น 1 ห้อง 107/1 ถ.ไฮเวย์ลำปาง-งาว  ต.สบตุ๋ย  อ.เมืองลำปาง  จ.ลำปาง 52100,,
15,222 ห้างโลตัสลำปาง ชั้น 1 ถนนไฮเวย์-ลำปาง-งาว ต.พระบาท อ. เมืองลำปาง  จ. ลำปาง 52220,,
16,ห้างเซ็นทรัลลำปาง  ห้องเลขที่ K302  ชั้นที่  3  เลขที่  319  ถ.ไฮเวย์-ลำปาง-งาว  ต.สวนดอก  อ.เมืองลำปาง  จ.ลำปาง  52100,,
17,70 ถนน ซุปเปอร์ไฮเวย์สาย ลำปาง - งาว ตำบล ชมพู อำเภอเมืองลำปาง ลำปาง 52100,,
18,669 ห้างโลตัสพะเยา ชั้น 1 หมู่ที่ 3 ตำบลท่าวังทอง อำเภอเมืองพะเยา พะเยา 56000,,
19,500 ท็อปส์พะเยา ห้องเลขที่ RI108-109 ชั้นที่ 1 หมู่ที่ 12 ตำบลท่าวังทอง อำเภอเมืองพะเยา จ.พะเยา 56000,,
20,184 ห้างบิ๊กซีเชียงราย ชั้น 1 ห้อง 114/2 ม. 25 ต. รอบเวียง อ. เมืองเชียงราย จ. เชียงราย 57000,,
21,156 ห้างโลตัสแม่สาย ชั้น 1  หมู่ 5 ตำบลเวียงพางคำ อำเภอแม่สาย เชียงราย 57130,,
22,245 ห้างโลตัสแม่จัน หมู่4 ต.แม่จัน อ.แม่จัน จ.เชียงราย 57110,,
23,ห้างเซ็นทรัลเชียงราย  ห้องเลขที่  K407  ชั้นที่ 1 เลขที่  99/9  หมู่ที่  13  ต.  รอบเวียง  อ. เมืองเชียงราย  จ. เชียงราย  57000,,
24,58 บิ๊กซี เชียงราย 2 ม.17 ต.บ้านดู่ อ.เมืองเชียงราย จ.เชียงราย 57100,,
25,99/20 หมู่ 13 ตำบลสันทราย อำเภอเมืองเชียงราย จังหวัดเชียงราย 57000,,
26,320 ห้างโลตัสน่าน ชั้น 1 หมู่ที่ 4  ต.ดู่ใต้  อ.เมืองน่าน  จ.น่าน  55000,,
27,ห้างบิ๊กซีน่าน  เลขที่  708  หมู่ที่ 4  ต.ไชยสถาน  อ.เมืองน่าน  จ.น่าน  55000,,
28,55/4 ห้างโลตัสแพร่ ชั้น 1 ม. 1 ต.ทุ่งกวาว  อ.เมือง จ. แพร่ 54000,,
29,600 ห้างบิ๊กซีแพร่ ชั้น 1 หมู่ 9 ตำบลนาจักร อำเภอเมืองแพร่ แพร่ 54000,,
30,เลขที่ 621 ตำบลไชยสถาน อำเภอเมืองน่าน น่าน 55000,,
31,เลขที่ 416 หมู่ 9 ถนนภูเก็ต ตำบลนาจักร อำเภอเมือง จังหวัดแพร่ 54000,,
32,577 ห้างโลตัสฝาง ชั้น 1 หมู่ 5 ต.เวียง อ.ฝาง จ.เชียงใหม่ 50110,,
33,เลขที่ 405 ห้างโลตัส หนองฉาง หมู่ที่ 5  ตำบลหนองฉาง อำเภอหนองฉาง จังหวัดอุทัยธานี  61110,,
34,910 ห้างไชยแสงสิงห์บุรี ชั้น 1  ถ.  ขุนสรรค์ ต.บางพุทรา อ.เมือง จ.สิงห์บุรี 16000,,
35,150 ท็อปส์ สิงห์บุรี ห้องเลขที่ RI133 ชั้นที่ 1 หมู่ที่ 1  ต.บางมัญ อ.เมือง จ.สิงห์บุรี 16000,,
36,364/25 ห้างโลตัสชัยนาท ชั้น 1  ถนนทางหลวง 340  ต. บ้านกล้วย อ.เมือง จ.ชัยนาท 17000,,
37,เลขที่ 359 ตำบลท่าชัย อำเภอเมือง จ.ชัยนาท 17000,,
38,อาคารห้างโลต้สตาคลี  เลขที่ 239 หมู่ที่ 1 ต.ตาคลี อ.ตาคลี จ.นครสวรรค์  60140,,
39,320/10  ห้างบิ๊กซีนครสวรรค์ ชั้น 2 ห้อง 216 ถ. สวรรค์วิถี  ต. ปากน้ำโพ  อ.เมืองนครสวรรค์ จ.นครสวรรค์ 60000,,
40,ห้างโลตัส เดอะวอล์ค นครสวรรค์  เลขที่  914/17  หมู่ที่  10  ต.นครสวรรค์ตก  อ.เมืองนครสารรค์  จ.นครสวรรค์  60000,,
41,เลขที่ 999/99 หมู่ 6 ตำบลหนองกรด อำเภอเมืองนครสวรรค์ จังหวัดนครสวรรค์ 60240,,
42,เลขที่ 699 หมู่ 10 ตำบลนครสวรรค์ตก อำเภอเมืองนครสวรรค์ จังหวัดนครสวรรค์ 60000,,
43,อาคารบิ๊กซีอ่างทอง  เลขที่  24  ถ. โพธิ์พระยา-ห่าเรือ  ต. โพสะ  อ. เมืองอ่างทอง  จ. อ่างทอง  14000,,
44,ห้างแฮปปี้หลาซ่าพิจิตร  เลขที่  39/119  ถ.สระหลวง  ต.ในเมือง อ. เมืองพิจิตร  จ.พิจิตร  66000,,
45,332 ท็อปส์ พิจิตร ห้องเลขที่ R1106 ชั้น 1 หมู่ที่ 3 ตำบลคลองคะเชนทร์ อำเภอเมืองพิจิตร จังหวัดพิจิตร 66000,,
46,122  ห้างโลตัส ท่าหลวง  หมู่ที่ 8  ตำบลท่าหลวง อำเภอเมืองพิจิตร จังหวัดพิจิตร  66000,,
47,80 ห้างบิ๊กซีอยุธยา หมู่ 2 ต.บ้านกรด อ.บางปะอิน จ.พระนครศรีอยุธยา 13160,,
48,126 ศูนย์การค้าอยุธยาพาร์ค ชั้น จี ห้อง จี-93 ถนนสายเอเชีย ตำบลคลองสวนพลู อำเภอพระนครศรีอยุธยา พระนครศรีอยุธยา 13000,,
49,111/3 หมู่ 3 ตำบลคลองสวนพลู อำเภอพระนครศรีอยุธยา จังหวัดพระนครศรีอยุธยา 13000,,
50,เลขที่ 129/1-3 หมู่ที่ 3 ตำบลคลองสวนพลู อำเภอพระนครศรีอยุธยา จังหวัดพระนครศรีอยุธยา 13000,,
51,"125 ห้างบิ๊กซีรัชดา ชั้น 1 ห้อง 5,6  รัชดาภิเษก  ถ.รัชดาภิเษก แขวงดินแดง เขตดินแดง กทม. 10320",,
52,ห้างเซ็นทรัลพระราม 9 ห้องเลขที่ 625 ชั้นที่ G เลขที่ 9/8 ถ.พะราม 9 เขตห้วยขวาง แขวงห้วยขวาง จ.กรุงเทพมหานคร 10310,,
53,เลขที่ 33/4 ถ.พระราม 9 แขวงห้วยขวาง เขตห้วยขวาง กรุงเทพมหานคร 10310,,
54,2 ห้างบิ๊กซีอิสรภาพ ชั้น 1  ถ.ศรีปราชญ์ แขวงวัดกัลยาณ์ เขตธนบุรี กทม. 10600,,
55,เลขที่ 1061 ซ. อิสรภาพ 15 แขวงหิรัญรูจี เขตธนบุรี กรุงเทพมหานคร 10600,,
56,306 อาคารเซ็นทรัลสีลม ห้องเลขที่ 108 ชั้นที่ 1 ถ.สีลม แขวงสุริยวงศ์ เขตบางรัก กทม.10500,,
57,เซ็นทรัล บางรัก ชั้นที่ BF เลขที่ 1522 ถ.เจริญกรุง แขวงบางรัก เขตบางรัก จ.กรุงเทพมหานคร 10500,,
58,ห้างเดอะมอลล์ท่าพระ  แผนกเทคโฮม  เลขที่  99  ถ.รัชดาภิเษก  (ท่าพระตากสิน)  แขวงบุคคโล  เขตธนบุรี  จ.กรุงเทพมหานคร  10600  ,,
59,อาคารซีคอนบางแค  ห้องเลขที่  FB2/04A ชั้นที่ 2  เลขที่  607  ถ.เพชรเกษม  แขวง บางหว้า  เขต ภาษีเจริญ  จ.กรุงเทพมหานคร  10160,,
60,ห้างบิ๊กซีกัลปพฤกษ์ เลขที่ 25 ถ.กัลปพฤกษ์ แขวงบางบอน เขตบางบอน จ.กรุงเทพมหานคร 10150,,
61,เลขที่ 518 ถ.เพชรเกษม แขวงบางแคเหนือ เขตบางแค กรุงเทพมหานคร 10160,,
62,"***ส่งสื่อที่ บิ๊กซี รัชดา  125 ห้างบิ๊กซีรัชดา ชั้น 1 ห้อง 5,6  รัชดาภิเษก  ถ.รัชดาภิเษก แขวงดินแดง เขตดินแดง กทม. 10320",,
63,เลขที่ 59/9 หมู่1 ถ.กาญจนาภิเษก ตำบลบางบัวทอง อำเภอบางบัวทอง นนทบุรี 11110,,
64,ห้างไทวัสดุ ชัยพฤกษ์ เลขที่ 46/21 หมู่ที่ 5 ถนนราชพฤกษ์ ตำบลบางพลับ อำเภอปากเกร็ด นนทบุรี 11120,,
65,19/11 หมู่ 4 ถนนราชพฤกษ์ ตำบลคลองข่อย อำเภอปากเกร็ด นนทบุรี 11120,,
66,90 ห้างโลตัส บางใหญ่ ชั้น 1 ม. 5 ต. บางคูเวียง  อ. บางกรวย  จ. นนทบุรี 11130,,
67,9/9 ห้างบิ๊กซีบางใหญ่ชั้น 1  หมู่ที่ 11 ถ. ตลิ่งชัน-สุพรรณบุรี ต.บางรักพัฒนา อ. บางบัวทอง จ. นนทบุรี  11110,,
68,37 ตำบลบางเลน อำเภอบางใหญ่ นนทบุรี 11140,,
69,เลขที่ 29 หมู่ 2 ตำบลปลายบาง อำเภอบางกรวย จ.นนทบุรี 11130,,
70,เลขที่ 30/4 ตำบลบางไผ่ อำเภอเมืองนนทบุรี 11000,,
71,เลขที่ 40/14 หมู่ที่ 9 ตำบลละหาร อำเภอบางบัวทอง จังหวัดนนทบุรี 11110,,
72,28/73 ห้างบิ๊กซี ฉะเชิงเทรา 2 ชั้น 1 ยูนิตเอฟ 1/13 เอ ถ.ศรีโสธรตัดใหม่ ต.หน้าเมือง อ.เมืองฉะเชิงเทรา จ.ฉะเชิงเทรา 24000,,
73,9/1 ห้างบิ๊กซี ฉะเชิงเทรา ชั้น 1 ห้อง 111 ถ. ฉะเชิงเทรา-บางปะกง ต. หน้าเมือง อ.เมืองฉะเชิงเทรา จ. ฉะเชิงเทรา 24000,,
74,อาคารห้างโรบินสันฉะเชิงเทรา  ชั้นที่ 1F  เลขที่  910   ถ.ฉะเชิงเทรา-บางปะกง  ต.หน้าเมือง  อ.เมืองฉะเชิงเทรา  จ.ฉะเชิงเทรา  24000,,
75,"หมู่ที่ 2, 99, ถ. สิริโสธร ตำบล โสธร อำเภอเมืองฉะเชิงเทรา ฉะเชิงเทรา 24000",,
76,เลขที่ 320 หมู่ที่3 ถนน ศรีสมาน ตำบลบ้านใหม่ อำเภอปากเกร็ด นนทบุรี 11120,,
77,ห้างโรบินสันศรีสมาน  ชั้น 1F  เลขที่  99  ม.1  ต.บ้านใหม่  อ.ปากเกร็ด  จ.นนทบุรี  11120,,
78,เลขที่ 395 ถนนสรงประภา แขวงดอนเมือง เขตดอนเมือง กรุงเทพมหานคร 10210,,
79,ศูนย์การค้าหัวหมากเซ็นเตอร์ ห้องเลขที่ 114 ชั้น 1 เลขที่ 177 ถนน รามคำแหง แขวง หัวหมาก เขตบางกะปิ จังหวัด กรุงเทพมหานคร 10240,,
80,ร้านมิสเตอร์โดนัท 1378 ถ.รามคำแหง แขวง สวนหลวง แขวงสวนหลวง กรุงเทพมหานคร 10250,,
81,ห้างโลตัสพัฒนาการ  เลขที่  2279  ถ.พัฒนาการ  แขวงสวนหลวง  เขตสวนหลวง  จ.กรุงเทพมหานคร  10250,,
82,18/2 ถ.ศรีนครินทร์-ร่มเกล้า (ตัดใหม่) ขาออก สะพานสูง กรุงเทพมหานคร ,,
83,ห้างเซ็นทรัลบางนา  ห้องเลขที่  K507  ชั้นที่ 5 เลขที่  587  ถ.บางนา-ตราด แขวงบางนา  เขตบางนา  จ.กรุงเทพมหานคร  10260 ,,
84,111 ห้างบิ๊กซีบางนาชั้น 1 ห้อง 122 ถ. บางนา-ตราด แขวงบางนา  เขตบางนา  กทม. 10260,,
85,"897, 899 ถนน พระราม 9 แขวง สวนหลวง แขวงสวนหลวง กรุงเทพมหานคร 10250",,
86,54 อาคารไทวัสดุ บางนา ชั้นที่ 1 หมู่ที่ 13   ตำบลบางแก้ว อำเภอบางพลี จังหวัดสมุทรปราการ 10540,,
87,308/1 ห้างโรบินสัน ลาดกระบัง ชั้นที่ 1F  ถนนลาดกระบัง แขวงลาดกระบัง เขตลาดกระบัง กรุงเทพมหานคร 10520,,
88,362 ห้างโลตัส ลาดกระบัง  ถนนหลวงแพ่ง แขวงทับยาว เขตลาดกระบัง กรุงเทพมหานคร 10520,,
89,"เลขที่ 38, 38/1-3 39 ชั้น 1 หมู่ที่ 6 ทางคู่ขนาน ถนนบางนา-ตราด ตำบลบางแก้ว อำเภอบางพลี สมุทรปราการ 10540",,
90,เลขที่ 15/2 ทางคู่ขนาน ถนนบางนา-ตราด ตำบลบางพลีใหญ่ อำเภอบางพลี สมุทรปราการ 10540,,
91,เลขที่ 252 ถนนรามคำแหง แขวงมีนบุรี เขตมีนบุรี กรุงเทพมหานคร 10510,,
92,123 ห้างบิ๊กซีสุวินทวงศ์ ชั้น 2 ห้องที่ เค 2/2 หมู่ 16 ถ.สุวินทวงศ์ แขวงมีนบุรี เขตมีนบุรี กทม. 10510,,
93,89/8 หมู่ 8 ถ. สุวินทวงศ์ แขวง โคกแฝด เขต หนองจอก กรุงเทพมหานคร 10530,,
94,5/5 ห้างแฟชั่นไอซ์แลนด์ชั้น BF ห้อง K 105 ม. 7 ถ. รามอินทรา แขวงคันนายาว เขตคันนายาว กทม. 10240,,
95,เลขที่ 58/3 ซอยรามคำแหง 127 แขวงหัวหมาก เขตบางกะปิ กรุงเทพมหานคร 10240,,
96,58 ห้างบิ๊กซีบ้านโป่ง หมู่ 5 ต.หนองอ้อ อ.บ้านโป่ง จ.ราชบุรี 70110,,
97,ห้างโรบินสันกาญจนบุรี  ห้องเลขที่ 1F-B-120-121  ชั้นที่ 1F  เลขที่  110  ม.9  อ.เมืองกาญจนบุรี  จ.กาญจนบุรี  71000,,
98,ห้างบิ๊กซีกาญจนบุรี  เลขที่  786/8  ถ. แสงชูตเหนือ  ต.ท่ามะขาม  อ.เมืองกาญจนบุรี  จ.กาญจบุรี  71000  ,,
99,534 ห้างบิ๊กซี ราชบุรี ชั้น 1 หมู่ 1 ตำบลโคกหม้อ อำเภอเมืองราชบุรี ราชบุรี 70000,,
100,เลขที่ 234/1 ห้างโลตัสหัวหิน ถนนเพชรเกษม ตำบลหัวหิน อำเภอหัวหิน ประจวบคีรีขันธ์ 77110,,
101,บิ๊กซี หัวหิน ห้างบิ๊กซีหัวหิน เลขที่ 28/128 หมู่บ้านเขาน้อย ต. หัวหิน อ. หัวหิน จ. ประจวบคีรีขันธ์ 77110,,
102,265 ห้างโรบินสันราชบุรี ชั้น G ห้อง G 55-56 ถ. ศรีสุริยวงศ์ ต. หน้าเมือง อ. เมือง จ. ราชบุรี  70000,,
103,8/4 ห้างโลตัสราชบุรี ชั้น 1 ถ.คทาธร  ต.หน้าเมือง  อ.เมือง  จ.ราชบุรี  70000,,
104,130 ห้างบิ๊กซีเพชรบุรี ชั้น 1 ต.ต้นมะม่วง อ.เมืองเพชรบุรี จ.เพชรบุรี 76000,,
105,162 ห้างโรบินสัน เพชรบุรี หมู่ที่ 1 ตำบลสมอพลือ อำเภอบ้านลาด เพชรบุรี 76150,,
106,เลขที่ 4 ถนนท้าวอู่ทอง ตำบลหน้าเมือง อำเภอเมืองราชบุรี ราชบุรี 70000,,
107,เลขที่ 120 หมู่9 ตำบลท่าเสน อำเภอบ้านลาด จังหวัดเพชรบุรี 76150,,
108,เลขที่ 77/7 ม.4 ตำบลสนามชัย อำเภอเมืองสุพรรณบุรี สุพรรณบุรี 72000,,
109,"โรบินสันสุพรรณบุรี  ห้องเลขที่  1F-B-119,120  ชั้น 1F  เชขที่  449  ม. 5  อ.เมืองสุพรรณบุรี  จ.สุพรรณบุรี  72000",,
110,ห้างบิ๊กซีสุพรรณบุรี เลขที่ 140/20 ถ.มาลัยแมน ต.รั้วใหญ่ อ.เมือง จ.สุพรรณบุรี 72000,,
111,เลขที่ 931 ห้างโลตัส อู่ทอง หมู่ที่ 1 ตำบลอู่ทอง อำเภออู่ทอง จังหวัดสุพรรณบุรี 72160,,
112,เลขที่ 103 ห้างบิ๊กซี โคราช 2 ถนนปักธงชัย ตำบลในเมือง อำเภอเมืองนครราชสีมา จังหวัดนครราชสีมา 30000,,
113,ห้างเซ็นทรัล พล่าซ่า นครราชสีมา ห้องเลขที่ K208 ชั้น2 เลขที่ 990-998 ถนนมิตรภาพ-หนองคาย ตำบลในเมือง อำเภอเมือง จังหวัดนครราชสีมา 30000,,
114,เลขที่ 1242/2 ห้างเดอะมอลล์โคราช ชั้น 1 ห้อง 1F-07 A ถ.มิตรภาพ ต.ในเมือง อ.เมืองนครราชสีมา จ.นครราชสีมา 30000,,
115,เลขที่ 1242/2 ห้างเดอะมอลล์โคราช ชั้น 2 แผนกเทคโฮม ถ.มิตรภาพ ต.ในเมือง อ.เมืองนครราชสีมา จ.นครราชสีมา 30000,,
116,อาคารห้างโลตัสจอหอ  เลขที่ 982  หมู่ที่ 1  ต.บ้านเกาะ  อ.เมือง  จ.นครราชสีมา  30000,,
117,118  ห้างบิ๊กซีโคราช ชั้น 1 ห้อง 101-2  ถ. มิตรภาพ - หนองคาย ต. ในเมือง อ.เมืองนครราชสีมา จ. นครราชสีมา 30000,,
118,ศูนย์การค้า เทอมินอล 21 โคราช ห้องเลขที่ KI2001 ชั้นที่ 2 เลขที่ 99 ถ.มิตรภาพ-หนองคาย ต.ในเมือง อ.เมือง จ.นครราชสีมา 30000,,
119,เลขที่ 21 โครงการ เอ็มพาร์ค ถนนช้างเผือก ตำบลในเมือง อำเภอเมืองนครราชสีมา จังหวัดนครราชสีมา 30000,,
120,ห้างโลตัส พิมาย เลขที่ 85 หมู่ที่ 14 ในเมือง พิมาย นครราชสีมา 30110,,
121,เลขที่ 475 ถนนเลี่ยงเมือง ตำบลปรุใหญ่ อำเภอเมืองนครราชสีมา นครราชสีมา 30000,,
122,เลขที่ 258 หมู่ที่ 1 ต.หนองบัวศาลา อ.เมืองนครราชสีมา จ.นครราชสีมา 30000,,
123,โลตัส โชคชัย 351 หมู่ที่ 12 ตำบล โชคชัย อำเภอ โชคชัย จังหวัด นครราชสีมา 30190,,
124,เลขที่ 255 ห้างโลตัสปักธงชัย หมู่ที่10 ตำบลเมืองปัก อำเภอปักธงชัย จังหวัดนครราชสีมา 30150,,
125,เลขที่ 147 ห้างโลตัสด่านขุนทด หมู่2 ตำบลด่านขุนทด อำเภอด่านขุนทด จังหวัดนครราชสีมา 30120,,
126,เลขที่ 289  หมู่ที่ 18  ต.ปากช่อง อ.ปากช่อง จ.นครราชสีมา 30130,,
127,ห้างบิ๊กซีปากช่อง เลขที่ 28 ถนนมิตรภาพ ตำบลปากช่อง อำเภอปากช่อง จังหวัดนครราชสีมา 30130,,
128,ห้างโรบินสันตรัง 1 F-B-112-112/1 ชั้น 1F เลขที่ 138 ถ.พัทลุง ต.ทับเที่ยง อ.เมืองตรัง จ.ตรัง 92000,,
129,เลขที่ 7/4 หมู่ 7 ตำบลบ้านโพธิ์ อำเภอเมืองตรัง จ.ตรัง 92000,,
130,ห้างโลตัสสะเดา เลขที่ 45/8 ถ.กาญจนวณิชย์ ต.สะเดา อ.สะเดา จ.สงขลา 90120,,
131,ห้างบิ๊กซีสตูล เลขที่ 959 หมู่ที่ 7 ต.คลองขุด อ.เมืองสตูล จ.สตูล 91000,,
132,349 ห้างบิ๊กซีกระบี่ หมู่ 11 ต.กระบี่น้อย อ.เมืองกระบี่  จ.กระบี่ 81000,,
133,ห้างบิ๊กซีพังงา  เลขที่  297  ถ.เพชรเกษม  ต.ท้ายช้าง  อ.เมืองพังงา  จ.พังงา  82000,,
134,72 ห้างบิ๊กซีภูเก็ตชั้น G ห้องG 21 ม.5 ต.วิชิต อ.เมืองภูเก็ต จ.ภูเก็ต 83000,,
135,74-75 ห้างเซ็นทรัลภูเก็ต ชั้น 1 ห้องเอฟเอฟ 08 ม.5 ต.วิชิต อ.เมืองภูเก็ต ภูเก็ต 83000,,
136,โรบินสัน ถลาง (ภูเก็ต) เลขที่ 8/88 หมู่ 5 ชั้น1 ถนนศรีสุนทร ตำบลศรีสุนทร อำเภอถลาง ภูเก็ต 83110,,
137,ไทวัสดุ ภูเก็ต เลขที่ 46/13 หมู่ที่ 5 ถนนเทพกระษัตรี ตำบลศรีสุนทร อำเภอถลาง ภูเก็ต 83110,,
138,เลขที่ 10/52 ซอยฉลอง ตำบลฉลอง อำเภอเมืองภูเก็ต ภูเก็ต 83130,,
139,เลขที่ 10/53 ห้างโรบินสัน ฉลอง ชั้นที่ 1F หมู่ที่ 1  ตำบลฉลอง อำเภอเมืองภูเก็ต จังหวัดภูเก็ต 83130,,
140,222/1265 เดอะแพลทีนัมแฟชั่นมอลล์ ชั้นใต้ดิน ถ.เพชรบุรี แขวง ถนนเพชรบุรี เขตราชเทวี กทม.10400,,
141,โรงพยาบาลตำรวจ 492/1 ถนนพระราม1 แขวงปทุมวัน เขตปทุมวัน กรุงเทพ ฯ 10330,,
142,831 ห้างโลตัสพระราม 1 ชั้น 1 ถนนพระราม 1 แขวงวังใหม่ เขตปทุมวัน กทม. 10330,,
143,79 ห้างเซ็นทรัลพระราม 3 ห้องเลขที่ C5-9 ชั้น 5  ถนนสาธุประดิษฐ์ แขวงช่องนนทรี เขตยานนาวา กทม. 10120,,
144,15 ห้างเซ็นจูรี่ มูวี่ พลาซ่า ชั้น 1 ถนนพญาไท แขวงถนนพญาไท เชตราชเทวี กทม. 10400,,
145,ห้างเซ็นเตอร์วัน  ห้องเลขที่  1209  เลขที่ 1  ซ.เลิศปัญญา  ถ.ราชวิถี  แขวงพญาไท  เขตราชเทวี  จ.กรุงเทพมหานคร  10400,,
146,6 คณะทันตแพทย์ศาสตร์ มหาวิทยาลัยมหิดล อาคารเฉลิมพระเกียรติ 50 พรรษาฯ ถนนพญาไท แขวงทุ่งพญาไท  เขตราชเทวี  กรุงเทพมหานคร  10400,,
147,2089 ห้างเซ็นจูรี่ เดอะมูวี่ พลาซา สุขุมวิท ชั้นที่ 2  ถนนสุขุมวิท แขวงพระโขนงเหนือ เขตวัฒนา กรุงเทพมหานคร 10260,,
148,ศูนย์การค้าเทอมินอล 21 ห้องเลขที่ KI-LG-403  ชั้นที่  LG  เลขที่  88  ซ.สุขุมวิท 19 (วัฒนา) ถ.สุขุมวิท  แขวงคลองเตยเหนือ เขตวัฒนา จ.กรุงเทพมหานคร  10110,,
149,114 ห้างบิ๊กซีอ่อนนุช ชั้น 1 ห้อง K 11  ถ. สุขุมวิท แขวงพระโขนงเหนือ เขตวัฒนา จ. กทม.  10110,,
150,แขวง ปทุมวัน เขตปทุมวัน กรุงเทพมหานคร 10330,,
151,681 ถนน สามเสน แขวง วชิรพยาบาล เขตดุสิต กรุงเทพมหานคร 10300,,
152,เลขที่ 199 ถ. รัชดาภิเษก แขวงคลองเตย เขตคลองเตย กรุงเทพมหานคร 10110,,
153,ศูนย์อาหารกินนี่ ชั้น 2 เลขที่ 2 ถ.พญาไท แขวงทุ่งพญาไท เขตราชเทวี กทม. 10400,,
154,2929 ห้างบิ๊กซีพระราม 4 ชั้น 1 ยูนิต FD 1  ถ.พระราม 4  แขวงคลองตัน เขตคลองเตย กรุงเทพฯ  10110,,
155,323  หมู่ 2  ต.สำราญ  อ.เมืองยโสธร  จ.ยโสธร  35000,,
156,437 ห้างโลตัส ยโสธร  หมู่ที่ 10 ตำบลสำราญ อำเภอเมืองยโสธร จังหวัดยโสธร 35000,,
157,เลขที่ 243 โลตัส สกลนคร ชั้น 1 ถ.ใสสว่าง ต.ธาตุเชิงชุม อ.เมืองสกลนคร จ.สกลนคร 47000,,
158,เลขที่ 1594/16 ห้างบิ๊กซีสกลนคร ชั้น 1 ถ.รอบเมือง ต.ธาตุเชิงชุม อ.เมืองสกลนคร จ.สกลนคร 47000,,
159,โรบินสัน ไลฟ์สไตล์ สกลนคร เลขที่  88/8 ชั้น 1F ถ.นิตโย ต.ธาตุเชิงชุม อ.เมืองสกลนคร จ.สกลนคร  47000,,
160,เลขที่ 501 โลตัส สว่างแดนดิน หมู่ 2 ต.สว่างแดนดิน อ.สว่างแดนดิน จ.สกลนคร 47110,,
161,506  ห้างบิ๊กซี พังโคน หมู่ที่ 8  ตำบลพังโคน อำเภอพังโคน จังหวัดสกลนคร  47160,,
162,19 ห้างโลตัสสุรินทร์ ชั้น 1  ถ.หลักเมือง  ต. ในเมือง  อ. เมืองสุรินทร์ จ. สุรินทร์  32000,,
163,8 ห้างบิ๊กซีสุรินทร์ ชั้น 1 หอ้ง 109 ถ.หลักเมือง ต.ในเมือง อ.เมืองสุรินทร์ จ.สุรินทร์ 32000,,
164,101 ห้างโลตัสสุรินทร์พลาซา ถ.หนองดุม ต.ในเมือง อ.เมืองสุรินทร์ จ.สุรินทร์ 32000,,
165,ห้างโลตัสสังขะสุรินทร์  เลขที่  260 หมู่ที่ 1 ต.สังขะ อ.สังขะ  จ.สุรินทร์  32150,,
166,ห้างโลตัสปราสาท สุรินทร์  เลขที่  68  หมู่ที่ 2  ต.กังแอน  อ.ปราสาท  จ.สุรินทร์  32140,,
167,ห้างโรบินสันสุรินทร์  ชั้นที่ 1F  เลขที่  338  หมู่ที่  16  ต.สลักได  อ.เมือง  จ.สุรินทร์  32000,,
168,ห้างโลตัสท่าตูม  เลขที่  631 หมู่ที่ 7 อ.ท่าตูม  จ.สุรินทร์  32120,,
169,"322 หมู่ 2, นอกเมือง, เมือง สุรินทร์, สุรินทร์ 32000",,
170,ห้างบิ๊กซีอำนาจเจริญ  ม.7 ต.บุ่ง  อ.เมืองอำนาจเจริญ  จ.อำนาจเจริญ   37000,,
171,ห้างบิ๊กซีร้อยเอ็ด  เลขที่ 320  หมู่ที่ 10  ต.เหนือเมือง  อ.เมืองร้อยเอ็ด  จ.ร้อยเอ็ด  45000,,
172,อาคารห้างโรบินสันร้อยเอ็ด  ชั้นที่  1F  เลขที่  137  หมู่ที่  3  ต.ดงลาน  อ.เมืองร้อยเอ็ด  จ.ร้อยเอ็ด  45000,,
173,240  ห้างโลตัส โพนทอง หมู่ที่ 12  ตำบลสระนกแก้ว อำเภอโพนทอง จังหวัดร้อยเอ็ด  45110,,
174,103 อาคารเสริมไทยพลาซ่า ชั้น 1 ถ.ริมคลองสมถวิล ต.ตลาด อ.เมืองมหาสารคาม จ.มหาสารคาม 44000,,
175,238/1-3  หมู่ 11  ต.เกิ้ง  อ.เมืองมหาสารคราม  จ.มหาสารคราม 44000,,
176,ห้างเสริมไทย มหาสารคาม  เลขที่  76/2  ถ.นครสวรรค์  ต.ตลาด  อ.เมืองมหาสารคาม  จ.มหาสารคาม  44000,,
177,408 อาคารห้างโลตัส โกสุมพิสัย หมู่ที่ 12 ตำบลหัวขวาง อำเภอโกสุมพิสัย จังหวัดมหาสารคาม 44140,,
178,303 หมู่ 11 ทางหลวงแผ่นดินหมายเลข 291 ตำบลเกิ้ง อำเภอเมืองมหาสารคาม มหาสารคาม 44000,,
179,"444 หมู่ 7, ดงลาน, เมือง ร้อยเอ็ด, ร้อยเอ็ด 45000",,
180,904/7 ห้างโลตัส นางรอง บุรีรัมย์ ถนนโชคชัย-เดชอุดม ตำบลนางรอง อำเภอนางรอง จังหวัดบุรีรัมย์ 31110,,
181,199  ห้างบิ๊กซี หนองกี่  หมู่ที่ 2 ตำบลหนองกี่ อำเภอหนองกี่ จังหวัดบุรีรัมย์ 31210,,
182,150 ห้างบิ๊กซีบุรีรัมย์ หมู่ที่ 7 ต.อิสาณ อ.เมืองบุรีรัมย์ จ.บุรีรัมย์ 31000,,
183,ทวีกิจ ซุปเปอร์เซ็นเตอร์ เลขที่ 274 ห้องเลขที่ F3-F4 หมู่ที่ 8 ต.อิสาณ อ.เมืองบุรีรัมย์ จ.บุรีรัมย์ 31000,,
184,ห้างโรบินสันบุรีรัมย์  ห้องเลขที่  132/1  ชั้นที่  1F  เลขที่  125  หมุ่ที่  6  อ.เมืองบุรีรัมย์  จ.บุรีรัมย์  31000,,
185,อาคาร ห้างโลตัสประโคนชัย  เลขที่ 420  หมู่ที 8 ต.ประโคนชัย  อ.ประโคนชัย  จ.บุรีรัมย์  31140,,
186,"754 ห้างบิ๊กซีนครปฐมชั้น 2 ห้อง 203,204 ถ. เพชรเกษม ต. ห้วยจรเข้ อ.เมืองนครปฐม จ. นครปฐม  73000",,
187,อาคารห้างโลตัสบางเลน  เลขที่  188  หมู่ที่  6  ต.บางเลน  อ.บางเลน  จ.นครปฐม  73130,,
188,ห้างเซ็นทรัลพลาซา ศาลายา  ห้องเลขที่ K102  ชั้นที่ 1  เลขที่  99/19-20  หมู่ที่ 2 ต.บางเตย อ.สามพราน จ.นครปฐม 73210,,
189,99 ห้างโลตัส สมุทรสงคราม ชั้น 1 หมุ่ 2 ถนนทางเข้าเมือง ต.บางแก้ว อ.เมืองสมุทรสงคราม สมุทรสงคราม 75000,,
190,2/19 ห้างบิ๊กซี สมุทรสงคราม ม.1 ต.บางอก้ว อ.เมือง จ.สมุทรสงคราม 75000,,
191,"8 หมู่ที่ 1, ถ. บรมราชชนนี ตำบล ทรงคนอง อำเภอสามพราน นครปฐม 73210",,
192,เลขที่ 200 อำเภอเมืองนครปฐม นครปฐม 73000,,
193,เลขที่ 888 ถ.บรมราชชนนี ตำบลศาลายา อำเภอพุทธมณฑล นครปฐม 73170,,
194,20/10 ห้างโลตัส สามพราน หมู่ 1 ต.ท่าตลาด อ.สามพราน จ.นครปฐม 73110,,
195,17/17 ห้างบิ๊กซีอ้อมใหญ่ ชั้น 1 ห้อง 113 หมู่ที่ 8 ต.อ้อมใหญ่ อ.สามพราน จ.นครปฐม 73160,,
196,เลขที่ 200/101 ถ. เพชรเกษม ตำบล อ้อมน้อย อำเภอกระทุ่มแบน สมุทรสาคร 74130,,
197,29/1 ห้างบิ๊กซีเพชรเกษม 2  ชั้น 1  ม. 11 ถ. เพชรเกษม แขวงหนองค้างพลู เขตหนองแขม กทม.  10160,,
198,1759  ห้างบิ๊กซีเพชรเกษม ถ.เพชรเกษม  แขวงหลักสอง  เขตบางแค  กรุงเทพมหานคร  10160,,
199,เลขที่ 87/2 ซอยเพชรเกษม 81 แขวงหนองแขม เขตหนองแขม กรุงเทพมหานคร 10160,,
200,เลขที่ 833 ถ.เพชรเกษม ต.สนามจันทร์ อ.เมืองนครปฐม จ.นครปฐม 73000,,
201,เลขที่ 111 หมู่ที่ 8 ถ. พุทธมณฑลสาย 4 ตำบล กระทุ่มล้ม อำเภอสามพราน นครปฐม 73220,,
202,304 ห้างบิ๊กเจียงหนองคาย ชั้น 1 ม.  10 ถ. มิตรภาพ ต. โพธิ์ชัย อ. เมือง จ. หนองคาย  43000,,
203,อาคารอัศวรรณ 2 เลขที่  88/8  หมู่ที่ 5 ต.โพธิ์ชัย  อ.เมือง จ.หนองคาย  43000,,
204,โลตัส ท่าบ่อ 899 หมู่ที่ 1 ท่าบ่อ ท่อบ่อ หนองคาย 43110,,
205,อาคารห้างอัศวรรณโพนพิสัย  ห้องเลขที่ 1-04 ชั้นที่ 1 เลขที่ 89 หมู่ที่ 16 ต.จุมพล อ.โพนพิสัย จ.หนองคาย  43120,,
206,99 ห้างบิ๊กซีชัยภูมิ หมู่ 1 ต.บุ่งคล้า อ.เมืองชัยภูมิ จ.ชัยภูมิ 36000,,
207,171 ห้างโลตัสชัยภูมิ ถนนสนามบิน ตำบลในเมือง อำเภอเมือง ชัยภูมิ 36000,,
208,เลขที่ 25 ม.2 ต.บ้านกอก อ.จัตตุรัส จ.ชัยภูมิ 36130,,
209,ห้างโลตัสแก้งคร้อ เลขที่  319 หมู่2  ต.หนองไผ่  อ.แก้งคร้อ จ.ชัยภูมิ 36150,,
210,299/9  ห้างโรบินสัน ชัยภูมิ  หมู่ที่ 6 ตำบลในเมือง อำเภอเมืองชัยภูมิ  จังหวัดชัยภูมิ  36000,,
211,เลขที่ 299/11 หมู่ 6 ตำบลในเมือง อำเภอเมืองชัยภูมิ จังหวัดชัยภูมิ 36000,,
212,415 ห้างบิ๊กซีอุดรธานี ชั้น 1 ห้อง 108 ต.หมากแข้ง อ.เมือง จ.อุดรธานี 41000,,
213,"อาคารศูนย์การค้าเซ็นทรัล อุดลธานี ห้องเลขที่ KG02 ชั้นที่ G เลขที่ 277/1-3,271/5 ถ.ประจักษ์ศิลปาคม ต.หมากแข้ง อ.เมืองอุดรธานี จ.อุดรธานี 41000",,
214,"อาคารศูนย์การค้าเซ็นทรัล อุดลธานี ห้องเลขที่ 404 ชั้น 4 เลขที่ 277/1-3,271/5 ถ.ประจักษ์ศิลปาคม ต.หมากแข้ง อ.เมืองอุดรธานี จ.อุดรธานี 41000",,
215,109 ท็อปส์ หนองหาน ชั้นที่ 1 หมู่ที่ 11 ตำบลหนองหาน อำเภอหนองหาน จังหวัดอุดรธานี  41130,,
216,อาคาร ห้างบิ๊กซีบ้านดุง  เลขที่  500  หมุ่ที่ 9  ถ.บริบาลดำริ  ต.ศรีสุทโธ  อ. บ้านดุง  จ.อุดรธานี  41190,,
217,194/3 ห้างโลตัสบ้านผือ หมู่ที่10 ตำบลบ้านผือ  อำเภอบ้านผือ จังหวัดอุดรธานี  41160 ,,
218,ห้องเลขที่ K2 เลขที่ 217 ถ.เลี่ยงเมืองหนองคาย-สกลนคร (ทน.อด) ต.หมากแข้ง อ.เมืองอุดรธานี จ.อุดรธานี 41000,,
219,อาคารโรบินสันปราจีนบุรี ห้องเลขที่ 130-131 ชั้นที่ 1F เลขที่ 72 หมู่ที่ 3 ต.บางบริบูรณ์ อ.เมืองปราจีนบุรี จ.ปราจีนบุรี 25000,,
220,บิ๊กซีศรีมหาโพธิ  เลขที่  618  หมู่ที่  7  ต.ท่าตูม  อ.ศรีมหาโพธิ  จ.ปราจีนบุรี  25140,,
221,898 หมู่ที่ 7 ถนนฉะเชิงเทรา-กบินทร์บุรี ตำบล ท่าตูม อำเภอศรีมหาโพธิ ปราจีนบุรี 25140,,
222,เลขที่ 228 ตำบลท่าตูม อำเภอศรีมหาโพธิ ปราจีนบุรี 25140,,
223,22/107 ห้างโรบินสันจันทบุรีชั้น BF ห้อง G06 ม. 7 ต. จันทนิมิต อ. เมือง จ. จันทบุรี   22000,,
224,25/4 ห้างโลตัสจันทบุรี ชั้น  1 ถ. พระยาตรัง  ต. วัดใหม่  อ.เมือง  จ. จันทบุรี  22000,,
225,ห้างบิ๊กซีจันทบุรี  เชขที่  1012  ถ.ท่าแฉลบ  ต.ตลาด  อ.เมืองจันทบุรี  จ.จันทบุรี  22000,,
226,อาคารห้างโลตัสตราด  เลขที่  1134  หมู่ที่ 1  ต. วังกระแจะ  อ. เมืองตราด  จ. ตราด  23000,,
227,352  ห้างบิ๊กซีสระแก้ว  ถ.สุวรรณศร  ต.สระแก้ว  อ.เมืองสระแก้ว  จ.สระแก้ว  27000,,
228,999 หมู่ 2 ถ. สุขุมวิท ตำบล ท่าช้าง อำเภอเมืองจันทบุรี จันทบุรี 22000,,
229,199 หมู่ที่ 7 ชั้น G ตำบลจันทนิมิต อำเภอเมืองจันทบุรี จันทบุรี 22000,,
230,เลขที่ 2929 หมู่ 5 ตำบลบ้านใหม่หนองไทร อำเภออรัญประเทศ สระแก้ว 27120,,
231,เลขที่ 388/88 ถนนสุวรรณศร ตำบลสระแก้ว อำเภอเมืองสระแก้ว สระแก้ว 27000,,
232,เลขที่ 6 หมู่ 7 ตำบลบางเมือง อำเภอเมืองสมุทรปราการ จังหวัดสมุทรปราการ 10270,,
233,498/1 ห้างบิ๊กซีสมุทราปราการชั้น 1 ห้อง 122 ถ.สุขุมวิท  ต.ปากน้ำ  อ.เมืองสมุทรปราการ  จ.สมุทรปราการ  10280,,
234,อาคารห้างโรบินสันสมุทรปราการ  ชั้นที่  1F  เลขที่  789  หมู่ที่  2  ต.ท้ายบ้านใหม่  อ.เมืองสมุทรปราการ  จ.สมุทรปราการ  10280,,
235,94 ห้างบิ๊กซีสุขสวัสดิ์ชั้น 1 ห้อง 130-131  ม. 18 ต.บางพึ่ง อ. พระประแดง จ.สมุทรปราการ 10130,,
236,119/201 ไทวัสดุ สุขสวัสดิ์ เลขที่ 104 ชั้นที่ 1 หมู่ที่ 14 ต.บางพึ่ง อ.พระประแดง จังหวัดสมุทรปราการ 10130 ,,
237,ห้างบิ๊กซีศรีนครินทร์  เลขที่  425  หมู่ที่ 5  ถ. ศรีนรินทร์  ต. สำโรงเหนือ  อ.เมืองสมุทรปราการ  จ.สมุทรปราการ  10270,,
238,ห้างอิมพีเรียลสำโรง  ห้องเลขที่  CO-I-1-004/1  ชั้นที่  1  เลขที่  999  หมู่ที่ 1 ถ.  สุขุมวิท  ต. สำโรงเหนือ อ. เมืองสมุทรปราการ  จ. สมุทรปราการ  10270,,
239,"ห้างเซ็นทรัลพลาซ่าระยอง  ห้องเลขที่  K104  ชั้นที่  1  เลขที่  99,99/1  ถ.บางนา-ตราด  ต.เขิงเนิน  อ.เมืองระยอง  จ.ระยอง  21000",,
240,ห้างบิ๊กซีระยอง  เลขที่  15/11  ถ.บางนา-ตราด  ต.เชิงเนิน  อ.เมือง  จ.ระยอง  21000,,
241,ศูนย์การค้าแพชชั่น ห้องเลขที่ A043 ชั้น 1 เลขที่ 554 ถ.สุขุมวิท ต.เนินพระ อ.เมืองระยอง จ.ระยอง 21000,,
242,อาคารห้างโลตัสนิคมพัฒนา  เลขที่ 28 หมู่ที่ 2  ต.นิคมพัฒนา  อ.นิคมพัฒนา  จ.ระยอง  21180,,
243,158/18  ห้างโลตัส มาบตาพุด ชั้น 1 ถนนสุขุมวิท ตำบลมาบตาพุด อำเภอเมืองระยอง จังหวัดระยอง 21150,,
244,"999/9 หมู่ 1, เชิงเนิน, เมือง ระยอง, ระยอง 21000",,
245,162 หมู่ที่ 6 ถ. สุขุมวิท ตำบลบ้านฉาง อำเภอบ้านฉาง ระยอง 21130,,
246,55/4 หมู่ 1 ถ. สุขุมวิท ตำบลบ้านฉาง อำเภอบ้านฉาง ระยอง 21130,,
247,เลขที่ 9/1 หมู่ 5 ถนนพหลโยธิน ต.คลองหนึ่ง อ.คลองหลวง ปทุมธานี 12120,,
248,10 ห้างบิ๊กซีลำลูกกาชั้น 1 ห้อง 116 หมู่ 12 ถ.ลำลูกกา ต. บึงคำพร้อย อ.ลำลูกกา จ.ปทุมธานี 12150,,
249,67 หมู่ที่ 11 ถ.ลำลูกกา ตำบลลำลูกกา อำเภอลำลูกกา ปทุมธานี 12150,,
250,เลขที่ 99/9 ตำบลบึงคำพร้อย อำเภอลำลูกกา จ.ปทุมธานี 12150,,
251,90 ห้างโลตัสรังสิต คลอง 4 ชั้น 1 ถนนรังสิต-นครนายก ตำบลบึงยี่โถ อำเภอธัญบุรี ปทุมธานี 12110,,
252,70 หมู่ 2 ตำบลบึงยี่โถ อำเภอธัญบุรี จังหวัดปทุมธานี 12130,,
253,98/103 ห้างโลตัสนวนคร ม.13 ต.คลองหนึ่ง อ.คลองหลวง จ.ปทุมธานี 12120,,
254,95 อาคารจอดรถและพื้นที่พาณิชยกรรม ห้องเลขที่ R.07 ชั้นที่ 1 หมู่ที่ 8 ตำบลคลองหนึ่ง อำเภอคลองหลวง จังหวัดปทุมธานี 12120,,
255,99/10  หมู่ที่5 ถ.ปทุมธานี-กรุงเทพฯ สาบล บางเดือ อำเภอเมืองปทุมธานี 12000,,
256,41/2 ห้างโลตัส รังสิตคลอง 7 ม.2 ต.ลำผักกูด อ.ธัญบุรี จ.ปทุมธานี 12110,,
257,99 ห้างบิ๊กซีรังสิต คลอง 3 ห้องเอฟ 1/6 หมู่ 3  ต.คลองสาม อ.คลองหลวง จ.ปทุมธานี 12120,,
258,158/17 ห้างบิ๊กซี รังสิต คลอง 6 หมู่ 4 ต.รังสิต อ.ธัญบุรี จ.ปทุมธานี 12110,,
259,เลขที่ 39 หมู่ที่ 1 ถนนรังสิต-นครนายก ตำบลคลองหก อำเภอคลองหลวง ปทุมธานี 12110,,
260,21/49 ห้างโลตัสปทุมธานี ถ.ปทุมสามโคก ต.บางปรอก อ.เมือง จ.ปทุมธานี 12000,,
261,41/10 ห้างบิ๊กซีปทุมธานี หมู่3 ต.บ้านฉาง อ.เมือง จ.ปทุมธานี 12000,,
262,204 ห้างโลตัส บางกะดี  หมู่ที่ 5  ตำบลบางกะดี อำเภอเมืองปทุมธานี จังหวัดปทุมธานี 12000,,
263,157 รังสิต-นครนายก 44 ตำบล ประชาธิปัตย์ อำเภอธัญบุรี ปทุมธานี 12130,,
264,มาร์เก็ต วิลล์ คลอง 4 เลขที่ 98 หมู่ 2 ห้องเลขที่ OS101/1 ชั้น 1 ตำบลบึงยี่โถ อำเภอธัญบุรี ปทุมธานี 12130,,
265,492 ห้างโลตัสอุบลราชธานี ชั้น1  ต.ในเมือง  อ. เมือง  จ.อุบลราชธานี 34000,,
266,92 ห้างบิ๊กซีอุบลราชธานี  ชั้น 1  ซ.ธรรมวิถี 4  ถ.ธรรมวิถี   ต.ในเมือง  อ.เมืองอุบลราชธานี จ.อุบลราชธานี 34000,,
267,ห้างเซ็นทรัลอุบลราชธานี  ห้องเลขที่  K107  ชั้นที่  1  เลขที่  311  หมู่ที่  7  ต. แจระแม  อ. เมืองอุบลราชธานี  จ. อุบลราชธานี  34000,,
268,ห้างซิตี้ มอลล์ อุบลราชธานี เลขที่ 512/8 ถ.ชยางกูร ต.ในเมือง อ.เมืองอุบลราชธานี จ.อุบลราชธานี 34000,,
269,363 ห้างโลตัสตระการพืชผล หมู่ที่ 4 ตำบลขุหลุ อำเภอตระการพืชผล จ.อุบลราชธานี 34130,,
270,ห้างโลตัสวารินชำราบ  เลขที่  55  หมู่ที่  20  ต.แสนสุข  อ.วารินชำราบ  จ.อุบลราชธานี  34190,,
271,29 ห้างโลตัส พิบูลมังสาหาร  ถนนสถิตย์นิมานการ  ตำบลพิบูล  อำเภอพิบูลมังสาหาร จังหวัดอุบลราชธานี 34110,,
272,ห้างบิ๊กซีศรีสะเกษ  เลขที่  29/49 ม. 11 ต. หญ้าปล้อง อ.เมืองศรีสะเกษ  จ. ศรีสะเกษ  33000,,
273,เลขที่ 368 ตำบลเมืองใต้ อำเภอเมืองศรีสะเกษ จ.ศรีสะเกษ 33000,,
274,เลขที่ 35 โลตัส มุกดาหาร ชั้น 1 ถ.ชยางกูร ตำบลมุกดาหาร อำเภอมุกดาหาร จ.มุกดาหาร 49000,,
275,ห้างบิ๊กซีมุกดาหาร  เลขที่  77/11  ถ.ชยางกูร  ต.มุกดาหาร  อ.เมืองมุกดาหาร  จ.มุกดาหาร  49000,,
276,ห้างโรบินสันมุกดาหาร  ห้องเลขที่  122  ชั้นที่  1F  เลขที่  99/11  ถ.ชยางกูร  ต.มุกดาหาร  อ.เมืองมุกดาหาร  จ.มุกดาหาร  49000,,
277,ห้างบิ๊กซีนครพนม  เลขที่  9/2  ซ.ร่วมมิตร  ถ.นิตโย  ต.หนองญาติ  อ.เมืองนครพนม  จ.นครพนม  48000,,
278,335/2 ห้างโลตัสนครพนม ชั้น 1 ถ.นิตโย ต.ในเมือง อ.เมืองนครพนม จ.นครพนม 48000,,
279,เลขที่  461  ห้างโลตัสบึงกาฬ  หมู่ที่ 1 ต.บึงกาฬ  อ.เมืองบึงกาฬ จ.บึงกาฬ  38000,,
280,99 เซ็นทรัลพลาซาแจ้งวัฒนะ ห้องเลขที่ OP-506 ชั้น 5 หมู่ 2 ถ.แจ้งวัฒนะ ต.บางตลาด อ.ปากเกร็ด จ.นนทบุรี 11120,,
281,96  ห้างบิ๊กซีแจ้งวัฒนะ ชั้น 1 ห้อง 102 ม. 1  แขวงทุ่งสองห้อง เขตหลักสี่  จ.กรุงเทพ ฯ  10210,,
282,112 ห้างบิ๊กซี แจ้งวัฒนะ 2 ชั้น 1 ห้อง 19  ม.5  ถ. แจ้งวัฒนะ  ต. ปากเกร็ด อ. ปากเกร็ด  จ. นนทบุรี  11120,,
283,120 ศูนย์ราชการเฉลิมพระเกียรติ หมู่ 3 ถ.แจ้งวัฒนะ แขวงทุ่งสองห้อง เขตหลักสี่ กทม. 10210,,
284,333/100 อาคารหลักสี่พลาซ่าชั้น จี ห้อง จี 19 ถนนแจ้งวัฒนะ แขวงตลาดบางเขน เขตหลักสี่ กทม. 10210,,
285,1008 อาคาร Vi Plaza ชั้นที่ 1  ถนนวิภาวดีรังสิต แขวงลาดยาว เขตจตุจักร กรุงเทพมหานคร 10900,,
286,ห้างเซ็นทรัล ลาดพร้าว ชั้น G เลขที่ 1697  ถนน พหลโยธิน  แขวง จตุจักร เขต จตุจักร  กทม. 10900,,
287,ปั้มน้ำมันบางจาก-วิภาวดีรังสิต  เลขที่  21/45  ถ.วิภาวีดรังสิต  แขวง ตลาดบางเขน  เขต หลักสี่  จ.กรุงเทพมหานคร  10210,,
288,สถานีรถไฟฟ้าใต้ดินลาดพร้าว ชั้นใต้ดิน Gourmet Market ถนนลาดพร้าว แขวงจอมพล เขตจตุจักร กรุงเทพ 10900,,
289,ห้างเซ็นทรัล รามอินทรา เลขที่ 109/10 ถ.รามอินทรา แขวงอนุสาวรีย์ เขตบางเขน กรุงเทพมหานคร 10220,,
290,"เลขที่ 101-101/1 ห้องเลขที่ L1-18,L1-19  ถนนป๊อปปูล่า ตำบล บ้านใหม่ อำเภอ ปากเกร็ด จังหวัดนนทบุรี 11120",,
291,126/9 ม.6 ถนนพหลโยธิน แขวงอนุสาวรีย์ เขตบางเขน กรุงเทพ 10220,,
292,เลขที่ 593 ถนนหทัยราษฎร์ แขวงบางชัน เขตคลองสามวา กรุงเทพมหานคร 10510,,
293,4/84-85 ห้างโลตัสวังหิน ชั้น 1 ม.14 ลาดพร้าว ลาดพร้าว กรุงเทพฯ 10230,,
294,ปั้มน้ำมันบางจาก-วิภาวดีรังสิต  เลขที่  21/45  ถ.วิภาวีดรังสิต  แขวง ตลาดบางเขน  เขต หลักสี่  จ.กรุงเทพมหานคร  10210,,
295,ห้างบิ๊กซีลพบุรี  เลขที่  2  หมู่ที่ 1  ต.ท่าศาลา  อ.เมืองลพบุรี  จ.ลพบุรี  15000,,
296,อาคารห้างโรบินสันลพบุรี  ห้องเลขที่ 134 ชั้นที่ 1F เลขที่ 555/5 หมู่ที่ 4  ต.กกโก  อ.เมือง  จ.ลพบุรี  15000,,
297,555 หมู่ที่ 4 ถนน 366 เลี่ยง ตำบล กกโก อำเภอเมืองลพบุรี ลพบุรี 15000,,
298,122/1  ห้างโลตัส โคกสำโรง  หมู่ที่ 4 ตำบลโคกสำโรง  อำเภอโคกสำโรง จังหวัดลพบุรี  15120,,
299,ห้างโรบินสันสระบุรี  ชั้นที่ 1F  เลขที่  99  หมู่ที่ 7  ต.ตลิ่งชัน  อ.เมือง  จ.สระบุรี  18000,,
300,88/9 หมู่ 8 ถนนบายพาสสระบุรี ฝั่งตะวันออก ตำบล ตลิ่งชัน อำเภอเมืองสระบุรี สระบุรี 18000,,
301,เลขที่ 514 ถ. พหลโยธิน ตำบลปากเพรียว อำเภอเมืองสระบุรี สระบุรี 18000,,
302,ห้างโลตัสนครนายก  เลขที่ ข1-150  ถ.บ้านใหญ่  ต.นครนายก  อ.เมืองนครนายก  จ.นครนายก  26000,,
303,94 ห้างฟิวเจอร์พาร์ครังสิต ชั้น 3  ห้องเลขที่ PLZ.3.KI0071B  ถ.พหลโยธิน ต.ประชาธิปัตย์ อ.ธัญบุรี ปทุมธานี 12130,,
304,ม.รังสิต  เลขที่ 52/347 หมู่บ้านเมืองเอก ถ.พหลโยธิน ต.หลักหก อ.เมือง จ.ปทุมธานี 12000,,
305,เลขที่ 298 หมู่ 13 ถนนพหลโยธิน ตำบลคูคต อำเภอลำลูกกา จ.ปทุมธานี 12130,,
306,เลขที่ 3/83 บิ๊กซี ลำลูกกาคลอง 4 หมู่ 7 ต.ลาดสวาย อ.ลำลูกกา จ.ปทุมธานี 12150,,
307,ร้านมิสเตอร์โดนัท (ปตท.สายไหม56) เลขที่ 388 ถนนสายไหม แขวงสายไหม เขตสายไหม กรุงเทพฯ 10220,,
308,เลขที่ 170 ถ.พหลโยธิน ตำบลประชาธิปัตย์ อำเภอธัญบุรี ปทุมธานี 12130,,
309,อาคาร คุ้มเกล้าฯ โรงพยาบาลภูมิพลอดุลยเดช  ชั้นที่ 1  เลขที่  171  หมู่ที่ 2  แขวง คลองถนน  เขต  สายไหม  จ.กรุงเทพมหานคร  10220,,
310,เลขที่ 91/3 ห้าง โลตัส สระบุรี  ถนนมิตรภาพ ตำบลปากเพรียว  อำเภอเมืองสระบุรี  จังหวัดสระบุรี  18000,,
311,111/19 ห้างบิ๊กซีหาดใหญ่ ชั้น 1 ห้อง 111 ม.4 ต. คลองแห  อ.เมืองหาดใหญ่ จ.สงขลา 90110,,
312,677 ห้างบิ๊กซีหาดใหญ่ 2  ชั้น 1 ยูนิตเค 1/1  ถ.เพชรเกษม ต.หาดใหญ่ อ.หาดใหญ่ จ.สงขลา 90110,,
313,"ห้างเซ็นทรัลเฟสติวัล หาดใหญ่ ห้องเลขที่ K402 ชั้นที่ 4 เลขที่ 1518,1518/1-2 ถ.กาญจนวณิชย์ ต.หาดใหญ่ อ.หาดใหญ่ จ.สงขลา 90110",,
314,อาคารห้างโลตัสจะนะ เลขที่ 157/4 หมู่ที่ 5 ต.บ้านนา อ.จะนะ จ.สงขลา 90130,,
315,อาคารบิ๊กซีนาทวี ชั้นที่ 1 เลขที่ 194 หมู่ที่ 4 ต.นาทวี อ.นาทวี จ.สงขลา 90160,,
316,ไทวัสดุสงขลา เลขที่ 125/20 หมู่ 6 ห้อง 102 ชั้น 1 ตำบลน้ำน้อย อำเภอหาดใหญ่ สงขลา 90110,,
317,1119 หมู่ 1 ถนน เลี่ยงเมือง AH2 ตำบล ควนลัง อำเภอหาดใหญ่ สงขลา 90110,,
318,ห้างโลตัสสงขลา เลขที่ 64 หมู่ที่ 2 ต.เขารูปช้าง อ.เมือง จ.สงขลา 90000,,
319,301 ห้างบิ๊กซี ปัตตานี ชั้น 1 ห้อง 107 ม. 4 ต.รูสะมิแล อ.เมืองปัตตานี ปัตตานี 94000,,
320,505 อาคารศูนย์การค้าโคลิเซี่ยมซีนีเพล็กซ์-ยะลา ถนนสิโรรส ตำบลสะเตง อำเภอเมืองยะลา ยะลา 95000,,
321,ห้างซุปเปอร์นราธิวาส  เลขที่  24/2  ถ.จำรูญนรา  ต.บางนาค อ.เมืองนราธิวาส จ.นราธิวาส  96000,,
322,เลขที่ 42/145 ถนนสุริยะประดิษฐ์ ตำบลบางนาค อำเภอเมืองนราธิวาส นราธิวาส 96000,,
323,เลขที่ 867 ถนนประชาวิวัฒน์ อำเภอสุไหงโก-ลก นราธิวาส 96120,,
324,เลขที่ 222 ถนนพลพิชัย - บ้านพรุ ตำบลคอหงส์ อำเภอหาดใหญ่ จังหวัดสงขลา 90110,,
325,"เลขที่ 4,12 ถนนเทศบาล 1 ตำบลสะเตง อำเภอเมือง จังหวัดยะลา 95000",,
326,"ห้างเซ็นทรัลเฟสติวัล หาดใหญ่  ห้องเลขที่  K402  ชั้นที่  4  
เลขที่  1518,1518/1-2  ถนนกาญจนวณิชย์   ตำบลหาดใหญ่ อำเภอหาดใหญ่ 
 จังหวัดสงขลา  90110",,
327,อาคาร ห้างบิ๊กซีกาฬสินธุ์  ชั้น G  เลขที่  101/2-3  ถ.ถีนานนท์  ต.กาฬสินธุ์  อ.เมืองกาฬสินธุ์  จ.กาฬสินธุ์  46000,,
328,ห้างกาฬสินธุ์พลาซ่า  เลขที่  4/14  ถ.ถีนานนท์  ต.กาฬสินธุ์  อ.เมืองกาฬสินธุ์  จ.กาฬสินธุ์  46000,,
329,605 ห้างโลตัส กุฉินารายณ์  หมู่ที่ 13  ตำบลบัวขาว อำเภอกุฉินารายณ์ จังหวัดกาฬสินธุ์ 46110,,
330,500  ห้างโลตัส สมเด็จ หมู่ที่ 5 ตำบลสมเด็จ อำเภอสมเด็จ จังหวัดกาฬสินธุ์  46150,,
331,ห้างเซ็นทรัลขอนแก่น  ห้องเลขที่  G25  ชั้น  G  เลขที่  99  ถ. ศรีจันทร์  ต. ในเมือง  อ.เมืองขอนแก่น  จ ขอนแก่น  40000,,
332,ห้างโลตัสขอนแก่น 2 เลขที่ 709 หมู่ที่ 3 ต.ศิลา อ.เมืองขอนแก่น จ.ขอนแก่น 40000,,
333,290/1 ห้างบิ๊กซี ขอนแก่น ชั้น 1 ห้อง 113-114/1 ต.ในเมือง อ.เมือง จ.ขอนแก่น 40000,,
334,ห้างบิ๊กซีกระนวน เลขที่ 559 หมู่ที่ 10 ต. หนองโก อ.กระนวน จ.ขอนแก่น 40170,,
335,177  ห้างบิ๊กซีขอนแก่น 2  หมู่ 9 ต.เมืองเก่า  อ. เมืองขอนแก่น จ.ขอนแก่น  40000,,
336,อาคารบิ๊กซีบ้านไผ่  เลขที่ 100  หมู่ที่ 6  ต.หัวหนอง  อ.บ้านไผ่  จ.ขอนแก่น  40110,,
337,6/11 ท็อปส์ พล ขอนแก่น ห้องเลขที่ RT106-109 ชั้นที่ 1  ถนนมิตรภาพ ตำบลเมืองพล อำเภอพล จังหวัดขอนแก่น 40120,,
338,เลขที่ 224 หมู่ 1 ตำบลสำราญ อำเภอเมืองขอนแก่น จังหวัดขอนแก่น 40000,,
339,ห้างโลตัสเลย  เลขที่  99  ม. 8  ต. นาอาน  อ.เมืองเลย  จ.เลย  42000,,
340,ห้างบิ๊กซีเลย  เลขที่  114  หมู่ที่ 9  ต.นาอาน  อ.เมืองเลย  จ.เลย  42000,,
341,เลขที่ 10/2 ถ.เลข-เชียงคาน ต.กุดป่อง อำเภอเมืองเลย เลย 42000,,
342,ห้องเลขที่ K1-8 เลขที่ 1/51 ถ.ประชาสโมสร ต.ในเมือง อ.เมืองขอนแก่น จ.ขอนแก่น 40000,,
343,888 ห้างเซ็นทรัลวงศ์สว่าง ชั้น 1 ห้องเลขที่ บี 105 ถ.พิบูลสงคราม แขวง บางซื่อ เขต บางซื่อ กทม.10800,,
344,"162/1-2, 168/10  ศูนย์การค้าเกตเวย์ แอท บางซื่อ ห้องเลขที่ OP-G023 ชั้นที่ G  ถนนประชาราษฏร์ 2  แขวงบางซื่อ เขตบางซื่อ กรุงเทพมหานคร 108000",,
345,9/9 ห้างบิ๊กซีติวานนท์  ชั้น 1  ห้อง 111 ม. 5  ถ. ติวานนท์  ต. ตลาดขวัญ  อ.เมืองนนทบุรี จ. นนทบุรี 11000,,
346,ห้างเซ็นทรัล ปิ่นเกล้า เลขที่ 7/222 ชั้น 3 ถ.บรมราชชนนี แขวงอรุณอมรินทร์ เขตบางกอกน้อย จ.กรุงเทพมหานคร  10700,,
347,เลขที่ 29/41 หมู่ 11 ถ.บรมราชชนนี แขวงศาลาธรรมสพน์ เขตทวีวัฒนา กรุงเทพมหานคร 10170,,
348,โครงการธนบุรีมาร์เก็ตเพลส 58 ถ. บรมราชชนนี แขวงศาลาธรรมสพน์ เขตทวีวัฒนา กรุงเทพมหานคร 10170,,
349,888 ห้างโลตัส บางกรวย-ไทรน้อย หมู่ที่ 2 ตำบลบางบัวทอง อำเภอบางบัวทอง จังหวัดนนทบุรี 11110,,
350,1  ห้างบิ๊กซี ไทรน้อย  หมู่ที่ 6 ตำบลไทรน้อย อำเภอไทรน้อย จังหวัดนนทบุรี  11150,,
351,"เลขที่ 217, 219 ถนนงามวงศ์วาน ตำบลบางเขน อำเภอเมืองนนทบุรี นนทบุรี 11000",,
352,99/9 ถ.ชัยพฤกษ์ ตำบลละหาร อำเภอบางบัวทอง นนทบุรี 11110,,
353,68/100 ห้างเซ็นทรัลรัตนาธิเบศน์ ชั้น 1 ห้อง 111 ม.8 ถ. รัตนาธิเบศร์ ต. บางกระสอ อ.เมืองนนทบุรี จ.นนทบุรี  11000,,
354,97/9 หมู่ 1 ตำบล ท่าอิฐ อำเภอปากเกร็ด นนทบุรี 11120,,
355,68/777 ห้างบิ๊กซีรัตนาธิเบศร์ 2 ชั้น 1 ยูนิตเอฟ 1/19  หมู่ที่ 8 ถ.รัตนาธิเบศร์ ต.บางกระสอ อ.เมืองนนทบุรี จ.นนทบุรี 11000,,
356,37/112 ห้างโลตัสรัตนาธิเบศร์ ชั้น 1 หมู่ที่ 8 ถ.รัตนาธิเบศร์ ต.บางกระสอ อ.เมืองนนทบุรี จ.นนทบุรี 11000,,
357,244 ห้างโลตัสจรัญสนิทวงศ์ ชั้น 1 ถ.จรัญสนิทวงศ์  ต.บางพลัด  อ.บางพลัด  กทม. 10700,,
358,"ศูนย์การค้าเซ็นทรัลพลาซ่า เวสต์เกต ชั้นที่ 1 เลขที่ 199,199/1,199/2 หมู่ที่ 6 ต.เสาธงหิน อ.บางใหญ่ จ.นนทบุรี 11140",,
359,ศูนย์การค้าเซ็นทรัลพลาซ่า เวสต์เกต 199/1-2 ชั้น 4 ตำบลเสาธงหิน อำเภอบางใหญ่ นนทบุรี 11110,,
360,อาคารตึกคอมศรีราชา  ห้องเลขที่  GS01/1  ชั้นที่ G  เลขที่  135/99  ถ.สุขุมวิท  ต.ศรีราชา  อ.ศรีราชา  จ.ชลบุรี  20110,,
361,4/222 ศูนย์การค้าฮาร์เบอร์ มอลล์ ห้องเลขที่ GFC06 ชั้น จี หมู่ที่ 10 ถนนสุขุมวิท ตำบลทุ่งสุขลา อำเภอศรีราชา จังหวัดชลบุรี 20230,,
362,90/1 ห้างโรบินสันศรีราชา ชั้น บีเอฟ ห้อง บี-11 ถ.สุขุมวิท ต.ศรีราชา อ.ศรีราชา จ.ชลบุรี 20110,,
363,เลขที่ 8 ถ.สุขุมวิท ตำบลศรีราชา อำเภอศรีราชา ชลบุรี 20110,,
364,เลขที่ 179 ห้างโลตัส สัตหีบ หมู่ 2 ตำบลสัตหีบ อำเภอสัตหีบ ชลบุรี 20180,,
365,88/18 ห้างบิ๊กซี สัตหีบ หมู่ที่ 3 ตำบลสัตหีบ อำเภอสัตหีบ จังหวัดชลบุรี 20180,,
366,26/62 ห้างโลตัส อู่ตะเภา หมู่ที่ 1 ตำบลพลูตาหลวง อำเภอสัตหีบ จังหวัดชลบุรี  20180,,
367,"92/10 หมู่ 10, หนองขาม, ศรีราชา, ชลบุรี 20230",,
368,"เซ็นทรัลชลบุรี (ชั้น 1) หมู่ที่ 1 55/88-89,55/91 ถ.สุขุมวิท ตำบลเสม็ด อำเภอเมืองชลบุรี ชลบุรี 20000",,
369,49/1 ห้างบิ๊กซีชลบุรี หมู่ 3 ต.ห้วยกะปิ อ.เมืองชลบุรี จ.ชลบุรี 20000,,
370,15/17 ห้างบิ๊กซีชลบุรี 2 ห้องเอฟ 1/8 ม.3 ต.ห้วยกะปิ อ.เมืองชลบุรี จ.ชลบุรี 20000,,
371,888 โรบินสัน ชลบุรี  หมู่ที่ 3 ตำบลดอนหัวฬ่อ  อำเภอเมืองชลบุรี  จังหวัดชลบุรี  20000,,
372,140  ห้างโลตัส พนัสนิคม หมู่ที่ 1 ตำบลกุฎโง้ง อำเภอพนัสนิคม ชลบุรี 20140,,
373,ห้างบิ๊กซีบ้านบึง  เลขที่  181  ถ.บ้านบึง-แกลง  ต.บ้านบึง  อ.บ้านบึง  จ.ชลบุรี  20170,,
374,ไทวัสดุชลบุรี 112/90 ถนนเศรษฐกิจ ตำบลบ้านสวน อำเภอเมืองชลบุรี ชลบุรี 20000,,
375,ห้างแหลมทอง บางแสน  ห้องเลขที่  1FC03  ชั้นที่ 1  เลขที่  278/2  ถ.ลงหาดบางแสน  ต.แสนสุข  อ.เมืองชลบุรี  จ.ชลบุรี  20130,,
376,87 ตำบล ห้วยกะปิ อำเภอเมืองชลบุรี ชลบุรี 20130,,
377,565/41  ห้างบิ๊กซีพัทยาใต้ ชั้น 1  ห้อง 107 ม. 10  ต. หนองปรือ อ. บางละมุง จ. ชลบุรี  20150,,
378,เลขที่ 333 ห้างบิ๊กซีพัทยา 2  ชั้นจี  ห้อง เค 1/2  ถ.พัทยากลาง ต.หนองปรือ อ.บางละมุง จ.ชลบุรี 20150,,
379,อาคารเซ็นทรัลเฟสติวัล พัทยา บีช เลขที่ 333/99 ชั้นที่ G หมู่ที่ 9 ตำบลหนองปรือ อำเภอบางละมุง จังหวัดชลบุรี 20150,,
380,777 ศูนย์การค้าเทอมินอล 21 พัทยา ห้องเลขที่ KI2065A ชั้นที่ 2 หมู่ที่ 6 ตำบลนาเกลือ อำเภอบางละมุง จังหวัดชลบุรี 20150,,
381,78/54-56 ห้างเซ็นทรัล มารีน่า พัทยา ห้องเลขที่ K129  ชั้น 1  หมู่ที่ 9 ถนนพัทยา สาย 2  ตำบลนาเกลือ อำเภอบางละมุง จังหวัดชลบุรี 20150,,
382,เลขที่ 80/3 หมู่ที่ 12 ถ.สุขุมวิท ตำบลหนองปรือ อำเภอบางละมุง ชลบุรี 20150,,
383,89 ห้างบิ๊กซีบางพลี ชั้น 1 ห้อง เอ-06  ถ.เทพารักษ์ กม.13  ต.บางพลีใหญ่ อ.บางพลี จ.สมุทรปราการ 10540,,
384,99/27 ห้างโลตัสบางพลี ชั้น 1 ตำบลราชาเทวะ อำเภอบางพลี สมุทรปราการ 10540,,
385,111/15 ถนนเทพารักษ์ ตำบลบางปลา อ.บางพลี จ.สมุทรปราการ 10540,,
386,340/1  หมู่ที่ 1  ถนนบางนา-ตราด  ตำบลบางบ่อ อำเภอบางบ่อ จังหวัดสมุทรปราการ  10560,,
387,เลขที่ 354 หมู่ที่ 6 ทางหลวงยุทธศาสตร์ สัตหีบ - พนมสารคาม ตำบล บ่อวิน อำเภอศรีราชา ชลบุรี 20230,,
388,เลขที่ 126/1 ถนน วิภาวดีรังสิต แขวง รัชดาภิเษก เขตดินแดง กรุงเทพมหานคร 10400,,
389,618/1 ห้างบิ๊กซีสะพานควาย ชั้น 1 ห้อง 115 พหลโยธิน แขวงสามเสนใน เขตพญาไท กทม. 10400,,
390,ห้องเลขที่ K/66  เลขที่  128  ม. 6  ถ. พระรามที่ 2 แขวง แสมดำ  เขต บางขุนเทียน จ. กรุงเทพมหานคร  10150,,
391,"30/62 ม.2 เขตบางบอน, กรุงเทพมหานคร 10150",,
392,268 2 ถ. พระราม 2 แขวง แสมดำ เขตบางขุนเทียน กรุงเทพมหานคร 10150,,
393,"19/164 ห้างบิ๊กซี บางบอน ชั้น 1 ห้อง12,13 หมู่ 6  แขวงบางบอน เขตบางบอน กทม.  10150",,
394,เลขที่ 160 ชั้น 1 ถ.พระรามที่ 2 แขวงแสมดำ เขตบางขุนเทียน กรุงเทพมหานคร 10150,,
395,1050 ห้างบิ๊กซีดาวคะนองชั้น 1  ห้อง 114 ถนนสมเด็จพระเจ้าตากสิน  แขวงบุคคโล เขตธนบุรี กทม. 10600,,
396,เลขที่ 127  ถ.พระรามที่ 2 แขวงแสมดำ  แขตบางขุนเทียน  จ.กรุงเทพมหานคร  10150,,
397,98 ถนนพระรามที่ 2 หมู่ที่ 4 ตำบลนาดี อำเภอเมืองสมุทรสาคร จังหวัดสมุทรสาคร,,
398,ห้างบิ๊กซีหมาชัย  เลขที่  79  ม. 8  ต.ท่าทราย  อ.เมืองสมุทรสาคร  จ.สมุทรสาคร  74000,,
399,ห้างโลตัสประชาอุทิศ  เลขที่  42  ถ.ประชาอุทิศ  แขวง ทุ่งครุ  เขตทุ่งครุ  จ.กรุงเทพมหานคร  10140,,
400,ปตท. พระราม 2 กม. 12.3 ขาออก    เลขที่ 44/44 ถ. พระรามที่ 2 แขวง แสมดำ เขตบางขุนเทียน กรุงเทพมหานคร 10150,,
401,5/5 หมู่ที่ 3 ตำบลนาดี อำเภอเมืองสมุทรสาคร จังหวัดสมุทรสาคร 74000,,
402,545/4 ม.2 ตำบลบ้านคลองสวน อำเภอพระสมุทรเจดีย์ สมุทรปราการ 10290,,
403,เลขที่ 5 พระรามที่ 2 ซอย 54 แยก 2 แขวงแสมดำ เขตบางขุนเทียน แสมดำ กรุงเทพมหานคร 10150,,
404,ตำบล บางน้ำจืด อำเภอเมืองสมุทรสาคร สมุทรสาคร 10150,,
405,เลขที่ 89 ตำบล บางน้ำจืด อำเภอเมืองสมุทรสาคร สมุทรสาคร 74000,,
406,เลขที่ 40/17 ถ.กาญจณาภิเษก แขวงบางบอน เขตบางบอน กรุงเทพมหานคร 10150,,
407,ห้างบิ๊กซีกำแพงเพชร  เลขที่  613/1  ถ.เจริญสุข  ต.ในเมือง  อ.เมืองกำแพงเพชร  จ.กำแพงเพชร  62000,,
408,ห้างโรบินสันกำแพงเพชร เลขที่ 651/1 ถ.เจริญสุข ต.ในเมือง อ.เมือง จ.กำแพงเพชร 62000,,
409,เลขที่ 939 ห้างบิ๊กซีเพชรบูรณ์ หมู่ 2 ต.สะเตียง อ.เมืองเพชรบูรณ์ จ.เพชรบูรณ์ 67000,,
410,ห้างบิ๊กซีหล่มสัก  เลขที่  70  ถ.สามัคคีชัย  ต.หล่มสัก อ.หล่มสัก จ.เพชรบูรณ์  67110,,
411,393 ม.4 ต.วัดป่า  อ.หล่มสัก  จ.เพชรบูรณ์  67110,,
412,ห้างโลตัสบึงสามพัน เลขที 86/5 ม.3  ต.ซับเสมอทอด  อ.บึงสามพัน  จ.เพชรบูรณ์  67160,,
413,157  ห้างบิ๊กซี วิเชียรบุรี  หมู่ที่ 4  ตำบลสระประดู่ อำเภอวิเชียรบุรี จังหวัดเพชรบูรณ์ 67130,,
414,939 ห้างบิ๊กซีพิษณุโลก ชั้น 1 ห้อง 111 ถนนพิชัยสงคราม ต. ในเมือง อ. เมือง จ. พิษณุโลก  65000,,
415,ห้างเซ็นทรัลพิษณุโลก  ห้องเลขที่ K312  ชั้นที่ 3  เลขที่ 9/99  หมู่ที่ 5  ต.พลายชุมพล  อ.เมืองพิษณุโลก  จ.พิษณุโลก  65000,,
416,788 หมู่7 ถนน พิษณุโลก - วังทอง ตำบล สมอแข อำเภอเมืองพิษณุโลก พิษณุโลก 65000,,
417,68 ห้างบิ๊กซีสุโขทัย หมู่ 2 ต.บ้านกล้วย อ.เมืองสุโขทัย จ.สุโขทัย 64000,,
418,เลขที่ 139 ตำบลท่าขุนราม อำเภอเมืองกำแพงเพชร กำแพงเพชร 62000,,
419,เลขที่ 172 ถนนบรมอาสน์ ตำบลท่าอิฐ เมืองอุตรดิตถ์ 53000,,
420,ห้างบิ๊กซีตาก  ห้องเลขที่  GCR 125  เลขที่  18/3  ถ. พหลโยธิน  ต. ระแหง อ. เมืองตาก  จ. ตาก  63000,,
421,ห้างโลตัสตาก  เลขที่ 18  ถ.พหลโยธิน ต.หนองหลวง  อ.เมืองตาก  จ.ตาก  63000,,
422,ห้างโรบินสันแม่สอด  เลขที่  99/115  ถ.สายเอเซีย  ต.แม่สอด  อ.แม่สอด  จ.ตาก  63110,,
423,929 ถนน คชเสนีย์ ต.สะเดียง อ.เมือง จ.เพชรบูรณ์ 67000,,
424,129/19 ห้างบิ๊กซีสมุย หมู่ 1 ต.บ่อผุด อ.เกาะสมุย จ.สุราษฎร์ธานี 84320,,
425,ห้างโลตัสเวียงสระ เลขที่ 222 หมู่ที่ 1 ต.เวียงสระ อ.เวียงสระ จ.สุราษฏร์ธานี 84190,,
426,89/201 ห้างโรบินสันนครศรีธรรมราช ชั้น 1 F ถ. พัฒนาการคูขวาง อ. เมือง จ. นครศรีธรรมราช,,
427,อาคารสหไทยพลาซ่า นครศรีธรรมราช ห้องเลขที่ F1-K2 ชั้นที่ 1 เลขที่ 1392 ถ.ศรีปราชญ์ ต.ท่าวัง อ.เมือง จ.นครศรีธรรมราช 80000,,
428,22 ห้างบิ๊กซี นครศรีธรรมราช หมู่ที่ 5 ตำบลปากพูน อำเภอเมืองนครศรีธรรมราช จังหวัดนครศรีธรรมราช 80000,,
429,อาคารเซ็นทรัลพลาซ่านครศรีธรรมราช ห้องเลขที่ K206 ชั้นที่ 2 เลขที่ 8.9/8 หมู่ที่ 7 ต.นาสาร อ.พระพรหม จ.นครศรีธรรมราช  80000,,
430,ห้างบิ๊กซี ชุมพร  ห้องเลขที่  K1/8  เลขที่  195  ม. 3  ต.วังไผ่  อ.เมืองชุมพร  จ. ชุมพร  86000,,
431,188/181 ห้างโอเชี่ยนชุมพร ถ.ศาลาแดง ต.ท่าตะเภา อ.เมืองชุมพร จ.ชุมพร 86000,,
432,เลขที่ 162 หมู่ 18 ตำบลท่าเรือ อำเภอเมือง จังหวัดนครศรีธรรมราช 80000,,
433,ห้างโลตัสระนอง  เลขที่  25/15  หมู่ที่ 1  ต.บางริ้น  อ.เมือง  จ.ระนอง  85000,,
434,ห้างบิ๊กซีระนอง  เลขที่  666/1  หมู่ที่ 4  ต.บางนอน  อ.เมืองระนอง  จ.ระนอง  85000,,
435,ห้างบิ๊กซีสุราษฎร์ธานี เลขที่ 130 ม. 1 ถ.เลี่ยงเมือง ต.บางกุ้ง อ.เมืองสุราษฎร์ธานี จ.สุราษฎร์ธานี 84000,,
436,ศูนย์การค้าโคลีเซี่ยมสุราษฎร์ธานี เลขที่ 321 ถ.หน้าเมือง ต.ตลาด อ.เมืองสุราษฎร์ธานี จ.สุราษฎร์ธานี 84000,,
437,ห้างเซ็นทรัลสุราษฎร์ธานี ห้องเลขที่ K102 ชั้นที่ 1 เลขที่ 88 หมู่ที่ 10 ต.วัดประดู่ อ.เมืองสุราษฎร์ธานี จ.สุราษฎร์ธานี 84000,,
438,150  ห้างโลตัส บ้านตาขุน หมู่ที่ 3 ตำบลเขาวง อำเภอบ้านตาขุน จังหวัดสุราษฎร์ธานี 84230,,
439,43 ถ.สุราษธานี-นครศรีธรรมราช ตำบลท่าทองใหม่ อำเภอกาญจนดิษฐ์ สุราษฎร์ธานี 84290,,
440,บิ๊กซีสุราษฎร์ธานี เลขที่ 130 ม. 1 ถ.เลี่ยงเมือง ต.บางกุ้ง อ.เมืองสุราษฎร์ธานี จ.สุราษฎร์ธานี 84000,,